text,label,category
сломалась кран балка 102,0,Неисправность оборудования
замена подшипников главного привода 4,0,Неисправность оборудования
посторонний шум редукторе конвейера 1,0,Неисправность оборудования
ошибка позиционирования шпинделя станка 105,0,Неисправность оборудования
сломалась оснастка фрезерных работ,0,Неисправность оборудования
требуется диагностика компрессора 9,0,Неисправность оборудования
станок чпу 8 издает посторонний шум работе требуется диагностика,0,Неисправность оборудования
перегрев двигателя вытяжки цехе 8,0,Неисправность оборудования
требуется замена подшипников станке 5А,0,Неисправность оборудования
сбой панели управления линии 5,0,Неисправность оборудования
сломался фрезерный станок 105,0,Неисправность оборудования
неисправность датчика давления прессе 4,0,Неисправность оборудования
вибрация работе штамповочного пресса 103,0,Неисправность оборудования
не реагирует панель управления станком,0,Неисправность оборудования
пресс гидравлический пг 105 перестал набирать давление,0,Неисправность оборудования
произошла непредвиденная поломка станка,0,Неисправность оборудования
требуется диагностика неисправности узла,0,Неисправность оборудования
оборудование требует немедленного обслуживания,0,Неисправность оборудования
оборудование издает посторонний звук работе,0,Неисправность оборудования
токарный станок st 205 требует замены резцедержателя,0,Неисправность оборудования
требуется срочная замена детали,0,Неисправность оборудования
не запускается токарный станок после обеда,0,Неисправность оборудования
станок с ЧПУ не выходит на нулевую точку,0,Неисправность оборудования
сбой программы управления фрезерным станком,0,Неисправность оборудования
заклинило патрон токарного станка,0,Неисправность оборудования
разрушена направляющая суппорта станка,0,Неисправность оборудования
не работает система охлаждения инструмента,0,Неисправность оборудования
потеря точности обработки на станке,0,Неисправность оборудования
выход из строя шагового двигателя станка,0,Неисправность оборудования
отказ серводвигателя оси X станка,0,Неисправность оборудования
поломка шпиндельного узла фрезерного центра,0,Неисправность оборудования
неисправность гидростанции штамповочного пресса,0,Неисправность оборудования
сломана муфта сцепления конвейера,0,Неисправность оборудования
износ зубчатой передачи редуктора линии,0,Неисправность оборудования
поломка ременной передачи компрессора,0,Неисправность оборудования
остановка вентилятора системы охлаждения,0,Неисправность оборудования
неисправность концевого выключателя станка,0,Неисправность оборудования
не срабатывает тормоз электродвигателя,0,Неисправность оборудования
поломка механизма зажима детали,0,Неисправность оборудования
разрушение подшипника опорного вала,0,Неисправность оборудования
трещина в корпусе редуктора участка,0,Неисправность оборудования
неисправность датчика температуры двигателя,0,Неисправность оборудования
сбой в системе смазки станка,0,Неисправность оборудования
вышел из строя частотный преобразователь,0,Неисправность оборудования
поломка электромагнитного клапана системы,0,Неисправность оборудования
не работает концевой датчик положения,0,Неисправность оборудования
поломка цепной передачи транспортера,0,Неисправность оборудования
износ направляющих каретки станка,0,Неисправность оборудования
поломка рычажного механизма пресса,0,Неисправность оборудования
выход из строя насоса гидравлики,0,Неисправность оборудования
обрыв троса мостового крана,0,Неисправность оборудования
поломка захвата манипулятора линии,0,Неисправность оборудования
износ тормозных колодок конвейера,0,Неисправность оборудования
неисправность датчика скорости вращения,0,Неисправность оборудования
поломка подающего механизма штамповочного пресса,0,Неисправность оборудования
сбой системы ЧПУ обрабатывающего центра,0,Неисправность оборудования
поломка кулачкового механизма токарного автомата,0,Неисправность оборудования
износ щеток коллектора двигателя постоянного тока,0,Неисправность оборудования
не работает пневмозажим обрабатывающего центра,0,Неисправность оборудования
поломка поворотного стола обрабатывающего центра,0,Неисправность оборудования
разрыв шланга гидравлики гибочного станка,0,Неисправность оборудования
неисправность платы ЧПУ фрезерного станка,0,Неисправность оборудования
поломка инструментального магазина обрабатывающего центра,0,Неисправность оборудования
сбой в работе роботизированного манипулятора,0,Неисправность оборудования
неисправность позиционера сварочного робота,0,Неисправность оборудования
поломка горелки сварочного полуавтомата,0,Неисправность оборудования
износ плунжерной пары гидравлического пресса,0,Неисправность оборудования
поломка механизма регулировки зазора пресса,0,Неисправность оборудования
выход из строя энкодера оси станка,0,Неисправность оборудования
поломка пневматического зажима детали,0,Неисправность оборудования
неисправность гидравлической системы листогибочного пресса,0,Неисправность оборудования
поломка транспортёра стружки станка,0,Неисправность оборудования
выход из строя электрошпинделя обрабатывающего центра,0,Неисправность оборудования
неисправность системы балансировки шпинделя,0,Неисправность оборудования
поломка устройства автоматической смены инструмента,0,Неисправность оборудования
обрыв ременного привода вентилятора,0,Неисправность оборудования
неисправность тормозного резистора привода,0,Неисправность оборудования
поломка системы подачи смазки станка,0,Неисправность оборудования
неисправность гидравлического зажима приспособления,0,Неисправность оборудования
поломка делительной головки фрезерного станка,0,Неисправность оборудования
неисправность системы управления конвейером,0,Неисправность оборудования
поломка толкателя подающего механизма,0,Неисправность оборудования
неисправность датчика наличия детали в зажиме,0,Неисправность оборудования
поломка следящего привода оси инструмента,0,Неисправность оборудования
не включается монитор диспетчерской 25,1,Электрика / освещение
проверить заземление оборудования 3,1,Электрика / освещение
короткое замыкание сварочном аппарате 30,1,Электрика / освещение
искрит распределительный щит 16,1,Электрика / освещение
отсутствует освещение зоне 2,1,Электрика / освещение
нет освещения проходной цеха 1,1,Электрика / освещение
отключился электрощит сборочном цехе обесточена линия сборки,1,Электрика / освещение
механическом цехе 3 моргает освещение возможно скачки напряжения,1,Электрика / освещение
провести проверку электробезопасности цехах,1,Электрика / освещение
отсутствует подача электроэнергии цехе,1,Электрика / освещение
обнаружен оборванный провод участке 7 опасно,1,Электрика / освещение
нет напряжения на участке 8,1,Электрика / освещение
не включается освещение склада 24,1,Электрика / освещение
нет заземления оборудования участка 101,1,Электрика / освещение
не включается дежурное освещение на этаже 1,1,Электрика / освещение
мигает освещение офисе 25 этаже скачки напряжения,1,Электрика / освещение
не горят светильники зоне хранения 7,1,Электрика / освещение
сгорел предохранитель панели управления 104,1,Электрика / освещение
выбивает автомат при включении станка 102,1,Электрика / освещение
выбило пробки щитке участка 104,1,Электрика / освещение
трансформатор 25 издает гудение требуется проверка,1,Электрика / освещение
искрит розетка серверной комнате 16,1,Электрика / освещение
пропало напряжение половине офиса 8 этажа,1,Электрика / освещение
потемнел выключатель кабинете 20 возможно оплавление,1,Электрика / освещение
вышел строя светодиодный светильник 30 офисе 9,1,Электрика / освещение
перегрев электрощита 202 требуется проверка,1,Электрика / освещение
не работает розеточная группа переговорной 204,1,Электрика / освещение
мигает свет коридоре 1 этаже,1,Электрика / освещение
неисправна проводка кабинете 201 требуется проверка,1,Электрика / освещение
короткое замыкание удлинителе 202 офисе 6,1,Электрика / освещение
не работает розетка рабочем месте 104,1,Электрика / освещение
не работает аварийный выключатель линии 16,1,Электрика / освещение
требуется замена кабеля питания конвейера 11,1,Электрика / освещение
вырубило автомат щитке 9 этажа,1,Электрика / освещение
щиток 5 греется при нагрузке требуется ревизия,1,Электрика / освещение
удар током от корпуса станка 7,1,Электрика / освещение
требуется замена ламп дневного света кабинете 201,1,Электрика / освещение
замена автоматических выключателей щитке 11,1,Электрика / освещение
перегрелся кабель питания компрессора 4,1,Электрика / освещение
не работает уличное освещение парковки,1,Электрика / освещение
перегорела лампа 3 цехе 15 замените,1,Электрика / освещение
не горит аварийное освещение выходе 4,1,Электрика / освещение
не работает розетка в комнате отдыха персонала,1,Электрика / освещение
перегорел предохранитель на пульте управления станком,1,Электрика / освещение
не включается дежурное освещение на складе,1,Электрика / освещение
замигало освещение в механосборочном цехе,1,Электрика / освещение
не работает подсветка станочного пульта управления,1,Электрика / освещение
нет напряжения на сварочном посту,1,Электрика / освещение
нужно заменить лампы над рабочими столами в цехе,1,Электрика / освещение
сгорел контакт пускателя насосной станции,1,Электрика / освещение
перегрелся щиток освещения на втором этаже,1,Электрика / освещение
нет напряжения в розетках лаборатории,1,Электрика / освещение
замена прожектора наружного освещения склада,1,Электрика / освещение
не включается аварийный светильник у выхода,1,Электрика / освещение
перебой в питании монтажного участка,1,Электрика / освещение
выбивает УЗО при подключении сварочного инвертора,1,Электрика / освещение
обнаружены следы горения на клеммнике щита,1,Электрика / освещение
потемнела изоляция кабеля у станка,1,Электрика / освещение
нет освещения в коридоре технического этажа,1,Электрика / освещение
не горит световой сигнал пожарной тревоги,1,Электрика / освещение
выбивает автомат при включении вентилятора,1,Электрика / освещение
нагревается кабельный лоток у распределительного щита,1,Электрика / освещение
не работают розетки в новом офисном помещении,1,Электрика / освещение
замена люминесцентных ламп в производственном цехе,1,Электрика / освещение
замигало освещение в бухгалтерии третьего этажа,1,Электрика / освещение
нет электропитания у рабочего места технолога,1,Электрика / освещение
нужна проверка заземления сварочных постов,1,Электрика / освещение
не горит подсветка числового индикатора на щите,1,Электрика / освещение
замена предохранителей щита управления конвейером,1,Электрика / освещение
выбивает дифавтомат при включении оборудования,1,Электрика / освещение
нет света в раздевалке мужского персонала,1,Электрика / освещение
сгорела обмотка пускателя электродвигателя вентиляции,1,Электрика / освещение
замена кабеля питания сварочного аппарата,1,Электрика / освещение
не работает освещение над упаковочной линией,1,Электрика / освещение
нагрев клеммного зажима в распределительном щите,1,Электрика / освещение
искрит розетка в зоне монтажа изделий,1,Электрика / освещение
потеря фазы в питании трёхфазного электродвигателя,1,Электрика / освещение
не работает концевой выключатель ворот цеха,1,Электрика / освещение
нет питания на пульте оператора линии,1,Электрика / освещение
нарушена изоляция питающего кабеля конвейера,1,Электрика / освещение
не горит рабочее освещение над слесарными тисками,1,Электрика / освещение
выгорел разъём питания в электрошкафу станка,1,Электрика / освещение
не работает автоматическое управление освещением склада,1,Электрика / освещение
замена уличного фонаря у проходной предприятия,1,Электрика / освещение
брак партии деталей 12,2,Брак / качество
выявлен брак партии фланцев 204,2,Брак / качество
выявлен брак партии корпусных деталей 12 требуется разбраковка,2,Брак / качество
отклонение плоскостности плиты 101 от нормативного значения,2,Брак / качество
неправильный цвет окраски изделий партии 9,2,Брак / качество
несоответствие размеров вала техническому заданию 202,2,Брак / качество
несоответствие диаметра отверстий корпуса 2 чертежу,2,Брак / качество
несоответствие упаковки изделий требованиям партия 105,2,Брак / качество
поломка зубьев шестерни изделие 20 дефект изготовления,2,Брак / качество
обнаружен дефект лакокрасочного покрытия партии 25,2,Брак / качество
выявлены дефекты механической обработки вала 4,2,Брак / качество
выявлен брак резьбы на деталях партии 15,2,Брак / качество
выявлена утечка прокладок изделиях партии 3,2,Брак / качество
партия 25 литья имеет раковины требуется разбраковка,2,Брак / качество
обнаружен облом сверла внутри детали 10,2,Брак / качество
дефект поверхности хромирования деталей партии 203,2,Брак / качество
выявлена разнотолщинность листового проката партии 102,2,Брак / качество
несоответствие параметров уплотнения 101 требованиям,2,Брак / качество
несоответствие посадки подшипника изделии 205 норме,2,Брак / качество
несоответствие маркировки тары упаковки партии 204,2,Брак / качество
отклонение межосевого расстояния редуктора 12 от нормы,2,Брак / качество
деформация корпуса редуктора 30 при сборке брак,2,Брак / качество
несоответствие биения вала 7 требованиям чертежа,2,Брак / качество
выявлен брак полимерного покрытия деталей партии 104,2,Брак / качество
несоответствие давления настройки клапана 3 паспорту,2,Брак / качество
выявлен брак покраски корпусов партии 2,2,Брак / качество
деформация фланца изделии 103 требуется замена,2,Брак / качество
несоответствие прочности на разрыв материала партии 8,2,Брак / качество
выявлен брак литья алюминия партия 201 раковины,2,Брак / качество
выявлена неоднородность структуры материала партии 10,2,Брак / качество
обнаружены трещины корпусных деталях партии 3,2,Брак / качество
деформация корпуса изделий партии 204 при сборке,2,Брак / качество
неравномерность нанесения краски изделиях партии 8,2,Брак / качество
отклонение массы изделий партии 204 от нормы,2,Брак / качество
отклонение по твердости зубьев шестерни 4,2,Брак / качество
несоответствие шероховатости поверхности 15 требованиям,2,Брак / качество
обнаружена раковина в центре отливки 9 брак,2,Брак / качество
несоответствие кромки реза заготовок партии 20,2,Брак / качество
выявлен брак пайки платы 102 требуется переделка,2,Брак / качество
несоответствие параметров фильтра 203 номиналу,2,Брак / качество
выявлен брак сварного шва изделии 12,2,Брак / качество
обнаружен дефект покрытия труб партии 6,2,Брак / качество
выявлен брак нарезки резьбы метчиком партия 12,2,Брак / качество
обнаружены включения шлака сварном шве изделии 12,2,Брак / качество
выявлена некондиция 7 процентов изделий партии 103,2,Брак / качество
несоответствие суммарного зазора сборке 9 чертежу,2,Брак / качество
отклонение по твердости деталей партии 104,2,Брак / качество
выявлен брак при сборке редуктора 103,2,Брак / качество
выявлена деформация резьбы болтов партии 102,2,Брак / качество
несоответствие балансировки ротора 3 требованиям,2,Брак / качество
выявлен брак гибки труб партии 101,2,Брак / качество
несоответствие длины кабеля 102 номинальному значению,2,Брак / качество
несоответствие геометрии профиля проката партии 6,2,Брак / качество
несоответствие характеристик электродвигателя 25 паспорту,2,Брак / качество
несоответствие покрытия деталей стандарту 105,2,Брак / качество
выявлен брак термообработки деталей партии 8,2,Брак / качество
несоответствие веса отливок партии 6 норме,2,Брак / качество
обнаружен облой на литых деталях партии 20,2,Брак / качество
несоответствие кривизны вала 15 допустимым значениям,2,Брак / качество
несоответствие цвета маркировки проводов партии 9,2,Брак / качество
царапины на поверхности готовых изделий партии 102,2,Брак / качество
испытаниях насос н 104 не выдерживает давление конструкторский дефект,2,Брак / качество
выявлен брак анодирования алюминиевых деталей партии 25,2,Брак / качество
несоответствие допусков резьбовых соединений партии 8,2,Брак / качество
несоответствие параметров клапана 103 рабочему давлению,2,Брак / качество
выявлен скол керамического покрытия деталях 11,2,Брак / качество
выявлен брак при намотке трансформатора 203,2,Брак / качество
выявлены трещины при ультразвуковом контроле партии 201,2,Брак / качество
отверстия деталях партии 201 не соответствуют чертежу,2,Брак / качество
несоответствие усилия пружин партии 2 техническому заданию,2,Брак / качество
выявлен брак штамповки партия 8,2,Брак / качество
несоответствие химического состава материала партии 203,2,Брак / качество
отслоение защитного покрытия деталей партии 2,2,Брак / качество
несоответствие параметров насоса 202 техническому заданию,2,Брак / качество
выявлены поры сварном шве изделии 11,2,Брак / качество
несоответствие маркировки изделий партии 15 стандарту,2,Брак / качество
требуется новый комплект метчиков плашек,3,Снабжение / расходники
необходимо заказать твердосплавные пластины токарных работ,3,Снабжение / расходники
закончились резцы токарного станка 9,3,Снабжение / расходники
нужна сварочная проволока 3 7 мм сборочного цеха,3,Снабжение / расходники
закупить новую партию фрез механического цеха,3,Снабжение / расходники
приобрести новый компрессор взамен вышедшего строя,3,Снабжение / расходники
закончилась сталь numх диаметром numмм механического цеха 30,3,Снабжение / расходники
необходима партия труб диаметром 205 мм,3,Снабжение / расходники
нет чистящих средств для оборудования цеха 104,3,Снабжение / расходники
нет герметика для сборки узлов линии 11,3,Снабжение / расходники
необходима поставка графитовых смазок для узлов 7,3,Снабжение / расходники
закончились насадки для дрели 102 типоразмер,3,Снабжение / расходники
закончились фрезы концевые диаметром 22 мм,3,Снабжение / расходники
требуется партия электродов для сварки 15,3,Снабжение / расходники
требуется поставка подшипников 205 для ремонта,3,Снабжение / расходники
нет бумажных полотенец технических для уборки масла,3,Снабжение / расходники
нет кислоты для травления деталей партии 102,3,Снабжение / расходники
требуется поставка медной шины для электромонтажа,3,Снабжение / расходники
закончились перчатки для рабочих цеха 20,3,Снабжение / расходники
нет проволоки для вязки арматуры строительство 5,3,Снабжение / расходники
необходимо пополнить запас бумаги для документации,3,Снабжение / расходники
нет смазочных материалов для станков цеха 9,3,Снабжение / расходники
необходимо заказать клей для ремонта конвейера 5,3,Снабжение / расходники
необходима поставка латексных перчаток для лаборатории,3,Снабжение / расходники
требуется поставка фильтрующих элементов 8,3,Снабжение / расходники
нет клеммников для электромонтажа щитка 105,3,Снабжение / расходники
требуется заказать пружины для узлов станка 25,3,Снабжение / расходники
требуется заказать листовой металл для изготовления 25,3,Снабжение / расходники
закончились абразивные лепестки для шлифовки 9,3,Снабжение / расходники
нет рабочей жидкости для гидравлического пресса 105,3,Снабжение / расходники
требуется поставка газовых баллонов для сварки,3,Снабжение / расходники
закончилось охлаждающее масло для токарных станков,3,Снабжение / расходники
закончились сверла диаметром 30 мм участке 16,3,Снабжение / расходники
закончились хомуты для крепления трубопроводов 205,3,Снабжение / расходники
нет паяльного флюса для ремонта плат цеха 30,3,Снабжение / расходники
закончилась лента фум для монтажа трубопроводов,3,Снабжение / расходники
закончились маркеры для маркировки кабелей 15,3,Снабжение / расходники
требуется поставка ремней привода для станков 12,3,Снабжение / расходники
требуется заказать алмазные круги для резки 8,3,Снабжение / расходники
закончились изолента и кабельные стяжки на складе,3,Снабжение / расходники
необходима поставка крепежа болты м 5,3,Снабжение / расходники
нет деревянных поддонов для хранения деталей склад,3,Снабжение / расходники
требуется поставка шлифовальных кругов 24,3,Снабжение / расходники
закончились дюбели и анкеры для монтажа оборудования,3,Снабжение / расходники
закончилась краска для маркировки деталей,3,Снабжение / расходники
закончилась наждачная бумага зернистость 22,3,Снабжение / расходники
отсутствуют прокладки для насосов склад пуст,3,Снабжение / расходники
необходимо пополнить запас воздушных фильтров 3,3,Снабжение / расходники
закончились резиновые коврики у станков цеха 201,3,Снабжение / расходники
требуется заказать прокладки паронит для фланцев 2,3,Снабжение / расходники
закончилось масло для гидравлики пресса 204,3,Снабжение / расходники
нет упаковочных материалов для готовой продукции,3,Снабжение / расходники
необходима поставка виброгасящих прокладок 4,3,Снабжение / расходники
требуется поставка нержавеющих хомутов 5 дюйм,3,Снабжение / расходники
нет изоляционных колпачков для клемм щитка 102,3,Снабжение / расходники
требуется заказать катанку 6 для производства,3,Снабжение / расходники
закончились защитные очки для рабочих цеха 202,3,Снабжение / расходники
закончились термоусадочные трубки для изоляции 103,3,Снабжение / расходники
нет клеящей ленты для упаковки изделий склада 16,3,Снабжение / расходники
срочно требуется сварочная проволока св 5Ас сборочного цеха,3,Снабжение / расходники
необходимо пополнение запаса расходных материалов,3,Снабжение / расходники
закончились люминофоры для маркировки трубопроводов,3,Снабжение / расходники
закончились пластиковые лотки для деталей сборки 101,3,Снабжение / расходники
требуется поставка метизов для сборочного цеха,3,Снабжение / расходники
необходимо пополнить запас уплотнительных колец 3,3,Снабжение / расходники
нет антикоррозийного покрытия для деталей партии 15,3,Снабжение / расходники
нет ацетона для обезжиривания деталей цеха 15,3,Снабжение / расходники
требуется поставка пластиковых заглушек диаметр 101,3,Снабжение / расходники
требуется заказать уголки крепежные для конструкции 20,3,Снабжение / расходники
необходима поставка шпилек резьбовых м 24,3,Снабжение / расходники
нет кабельных каналов для прокладки проводки 9,3,Снабжение / расходники
необходима поставка контактной смазки для щитков,3,Снабжение / расходники
требуется заказать стальной трос диаметром 25 мм,3,Снабжение / расходники
необходима поставка сигнальных лент ограждения,3,Снабжение / расходники
необходима поставка алюминиевых профилей для монтажа,3,Снабжение / расходники
нет защитных экранов для станков участка 204,3,Снабжение / расходники
оформление допуска высотным работам 1,4,Охрана труда
провести внеплановый инструктаж технике безопасности,4,Охрана труда
требуется установить перила лестнице участка 103,4,Охрана труда
не обеспечены работники специальным питанием вредные условия 105,4,Охрана труда
отсутствуют знаки безопасности на электрощитах 4,4,Охрана труда
сотрудник 103 получил травму требуется оформление документов,4,Охрана труда
требуется оформить акт расследования несчастного случая 205,4,Охрана труда
превышение уровня шума на рабочем месте 25,4,Охрана труда
не работает система вентиляции в зоне сварки 201,4,Охрана труда
не соблюдаются нормы температуры воздуха рабочем месте 9,4,Охрана труда
нарушение правил транспортировки баллонов со сжатым газом,4,Охрана труда
требуется обновить инструкции по охране труда 201,4,Охрана труда
отсутствует сигнализация превышения температуры зоны 102,4,Охрана труда
нарушение регламента работ в замкнутых пространствах 11,4,Охрана труда
нарушение правил безопасной эксплуатации котлов 4,4,Охрана труда
нарушение при работе с грузами вручную зона 10,4,Охрана труда
нарушение правил безопасности при химической обработке 16,4,Охрана труда
не выданы средства защиты органов слуха рабочим 6,4,Охрана труда
нарушение правил безопасного подъема по лестнице 20,4,Охрана труда
отсутствуют средства индивидуальной защиты рабочих 1 участка,4,Охрана труда
требуется провести расследование микроповреждения сотрудника 105,4,Охрана труда
не оформлена карта специальной оценки рабочего места 205,4,Охрана труда
требуется оформить наряд допуск на огневые работы 105,4,Охрана труда
нарушение маршрута движения транспорта на территории 9,4,Охрана труда
требуется оборудовать место для курения по нормам 24,4,Охрана труда
истек срок обучения первой помощи для сотрудников 201,4,Охрана труда
отсутствует журнал регистрации инструктажей участка 6,4,Охрана труда
истек срок действия допуска на электромонтажные работы 24,4,Охрана труда
не ведется журнал регистрации аварий и инцидентов 4,4,Охрана труда
требуется установить защитные барьеры у конвейера 204,4,Охрана труда
требуется провести спецоценку условий труда участок 102,4,Охрана труда
не укомплектована аптечка первой помощи 10 участке,4,Охрана труда
нарушение ведения сменного журнала охраны труда 203,4,Охрана труда
нарушение складирования материалов превышена высота 102,4,Охрана труда
истек срок проверки знаний по охране труда отдела 24,4,Охрана труда
не работает душевая для работников вредных производств 101,4,Охрана труда
требуется заменить предупреждающие знаки безопасности 7,4,Охрана труда
необходим внеплановый инструктаж после изменения технологии,4,Охрана труда
требуется установка ограждения опасной зоны станка 5,4,Охрана труда
не установлен тревожный знак у неисправного оборудования 12,4,Охрана труда
отсутствует плакат по охране труда на участке 201,4,Охрана труда
не укомплектован пожарный щит участка 6,4,Охрана труда
нарушение при использовании грузоподъемных механизмов 25,4,Охрана труда
не работает сигнализация загазованности помещения 201,4,Охрана труда
нарушение хранения опасных химических веществ склад 24,4,Охрана труда
истек срок инструктажа по пожарной безопасности цеха 1,4,Охрана труда
истек срок поверки газоанализатора 101 участка,4,Охрана труда
отсутствует ограждение траншеи у входа 11 опасно,4,Охрана труда
требуется внеплановый медосмотр сотрудников участка 22,4,Охрана труда
требуется проведение пожарно тактических учений цеха 1,4,Охрана труда
обнаружено нарушение при проверке охраны труда цеха 4,4,Охрана труда
нарушение правил безопасности при работе электроинструментом,4,Охрана труда
требуется замена защитного кожуха станка 12,4,Охрана труда
требуется замена промышленных противогазов срок истек 205,4,Охрана труда
нарушение правил работы на высоте участок 203,4,Охрана труда
истек срок поверки средств измерений опасных факторов 202,4,Охрана труда
требуется оформить допуск к самостоятельной работе 10,4,Охрана труда
отсутствует рубильник аварийного отключения станка 8,4,Охрана труда
требуется обновить план эвакуации на этаже 2,4,Охрана труда
провести замену огнетушителей цехах срок годности истек,4,Охрана труда
истек срок поверки защитных касок цеха 8,4,Охрана труда
необходима противогазы для рабочих зоны 205,4,Охрана труда
отсутствует маркировка трубопроводов опасных веществ 30,4,Охрана труда
не закреплено оборудование 3 возможно опрокидывание,4,Охрана труда
не пройден медосмотр сотрудником 3 допуск закрыт,4,Охрана труда
требуется проверка состояния лесов строительных объекта 105,4,Охрана труда
требуется проверка исправности аварийного душа 22,4,Охрана труда
не проведена оценка рисков нового рабочего места 203,4,Охрана труда
не пройдено обучение по электробезопасности группа 3,4,Охрана труда
требуется повторный инструктаж после несчастного случая 201,4,Охрана труда
не выдана спецодежда новому сотруднику 25,4,Охрана труда
нарушена периодичность осмотров страховочных привязей 201,4,Охрана труда
истек срок действия удостоверения по охране труда сотрудника 5,4,Охрана труда
не проведена проверка устойчивости стеллажей склада 5,4,Охрана труда
требуется актуализировать перечень должностей с вредными условиями,4,Охрана труда
превышение предельно допустимой концентрации пыли цех 103,4,Охрана труда
неправильно начислена премия февраль сотрудников цеха 22,5,Кадры / HR
задержка аванса март сотрудники не получили выплату,5,Кадры / HR
требуется сварщик 25 разряда сборочный цех,5,Кадры / HR
прием работу нового инженера технолога,5,Кадры / HR
оформление отпуска сотрудника петрова,5,Кадры / HR
не заполнена личная карточка т 6 при приеме,5,Кадры / HR
не зарегистрирован новый сотрудник 9 в системе,5,Кадры / HR
требуется изменить график работы отдела 24,5,Кадры / HR
требуется приказ о временном исполнении обязанностей 204,5,Кадры / HR
ошибка в начислении районного коэффициента 101,5,Кадры / HR
не выплачены суточные за командировку сотрудника 16,5,Кадры / HR
оформить внутреннее совместительство сотруднику 7,5,Кадры / HR
ошибка в коде подразделения трудовой книжке 25,5,Кадры / HR
сотрудник 201 сменил фамилию требуется переоформление,5,Кадры / HR
требуется провести собеседование на вакансию 105,5,Кадры / HR
не подписан приказ о назначении наставника для 104,5,Кадры / HR
не проведена плановая аттестация специалистов 7,5,Кадры / HR
не оплачен сверхурочный час 104 у сотрудника 10,5,Кадры / HR
требуется справка 15 н для службы занятости,5,Кадры / HR
оформление дополнительного отпуска за вредность 103,5,Кадры / HR
перевод сотрудника 102 на другую должность,5,Кадры / HR
требуется справка для банка от сотрудника 12,5,Кадры / HR
не оформлено повышение квалификации в трудовой 20,5,Кадры / HR
требуется оформить совмещение должностей 205,5,Кадры / HR
требуется закрыть вакансию срочно участок 24 остановлен,5,Кадры / HR
требуется расчет и выплата при выходе на пенсию 20,5,Кадры / HR
не зачтен стаж при расчете отпускных сотрудника 4,5,Кадры / HR
требуется продлить срочный трудовой договор сотрудника 8,5,Кадры / HR
требуется приказ о переводе сотрудника 8,5,Кадры / HR
требуется оформить перевод между подразделениями 3,5,Кадры / HR
изменение паспортных данных сотрудника 11 обновить,5,Кадры / HR
требуется продление испытательного срока сотрудника 1,5,Кадры / HR
требуется изменить норму рабочего времени 30,5,Кадры / HR
ошибка в приказе об отпуске сотрудника 25,5,Кадры / HR
требуется составить график отпусков на год 8,5,Кадры / HR
требуется получить характеристику на сотрудника 30,5,Кадры / HR
оформить дисциплинарное взыскание сотруднику 8,5,Кадры / HR
не предоставлен отпуск по уходу за ребенком 1,5,Кадры / HR
требуется оформить работника 3 как внешнего совместителя,5,Кадры / HR
не проведен инструктаж по локальным актам 104,5,Кадры / HR
ошибка в расчете выходного пособия 102,5,Кадры / HR
требуется уведомление о сокращении штата отдела 2,5,Кадры / HR
оформить дополнительный оплачиваемый день сотруднику 8,5,Кадры / HR
изменение условий трудового договора сотрудника 3,5,Кадры / HR
требуется справка о периодах работы для пенсионного фонда,5,Кадры / HR
сотрудник 205 не получил премию за квартал 2,5,Кадры / HR
требуется дополнительное соглашение к договору 204,5,Кадры / HR
оформить ежегодный медосмотр для сотрудников отдела 11,5,Кадры / HR
оформление декретного отпуска сотруднице 3,5,Кадры / HR
оформить больничный лист сотрудника 24,5,Кадры / HR
не выплачена доплата за расширение зоны обслуживания 8,5,Кадры / HR
не закрыта вакансия инженера 9 длительный срок,5,Кадры / HR
сотрудник 103 уволен требуется расчет,5,Кадры / HR
требуется переоформить трудовой договор в связи с реорганизацией,5,Кадры / HR
не выдан полис дмс новому сотруднику 22,5,Кадры / HR
не закрыт электронный листок нетрудоспособности 7,5,Кадры / HR
не начислена компенсация за неиспользованный отпуск 25,5,Кадры / HR
требуется изменить реквизиты для перечисления зарплаты 5,5,Кадры / HR
не оформлен ученический договор с сотрудником 105,5,Кадры / HR
внесение изменений в штатное расписание отдела 205,5,Кадры / HR
сотрудник 30 просит копию трудового договора,5,Кадры / HR
оформить материальную помощь сотруднику 30,5,Кадры / HR
не выдан расчетный листок за месяц 22,5,Кадры / HR
требуется обновить должностную инструкцию 8,5,Кадры / HR
требуется согласование нового штатного расписания,5,Кадры / HR
не включен стажер 202 в табель учета рабочего времени,5,Кадры / HR
вопрос расчету сверхурочных март,5,Кадры / HR
не внесены данные нового сотрудника 22 в 1с кадры,5,Кадры / HR
переоформление пропуска сотрудника 202,5,Кадры / HR
не проведена аттестация рабочего места 16,5,Кадры / HR
оформить простой по вине работодателя участку 7,5,Кадры / HR
сотрудник 4 отказывается подписывать ознакомление с приказом,5,Кадры / HR
ошибка в трудовой книжке сотрудника 4 исправить,5,Кадры / HR
ошибка в начислении индексации зарплаты 103,5,Кадры / HR
требуется справка о доходах для сотрудника 16,5,Кадры / HR
оформить частичную занятость сотруднику 12,5,Кадры / HR
не произведен зачет переплаты при расчете отпускных 16,5,Кадры / HR
ошибочно удержан ndfl из премии сотрудника 16,5,Кадры / HR
требуется уточнить дату выхода из декрета 20,5,Кадры / HR
требуется согласование сверхурочной работы 204,5,Кадры / HR
не оформлен отказ от дополнительного отпуска 105,5,Кадры / HR
оформить командировку для сотрудника 2 дата 103,5,Кадры / HR
не учтена надбавка за ночные смены 102,5,Кадры / HR
не выдана санитарная книжка сотруднику 102,5,Кадры / HR
требуется установка cad системы конструкторского отдела,6,ИТ / ПО
сбой системе учета материалов складе,6,ИТ / ПО
не открывается numс предприятие бухгалтерии,6,ИТ / ПО
произошел критический сбой работе системы,6,ИТ / ПО
сбой системы мониторинга оборудования 4,6,ИТ / ПО
не открываются файлы docx на рабочей станции 2,6,ИТ / ПО
не отображается история операций системе 15,6,ИТ / ПО
требуется перенастроить маршрутизатор после сбоя питания 105,6,ИТ / ПО
ошибка при закрытии периода в системе 11,6,ИТ / ПО
потерян доступ к корпоративной почте 202,6,ИТ / ПО
не отправляются уведомления системы мониторинга 204,6,ИТ / ПО
не работает корпоративный мессенджер у отдела 4,6,ИТ / ПО
сбой в работе системы электронного документооборота 8,6,ИТ / ПО
требуется настроить сетевой диск для отдела 7,6,ИТ / ПО
требуется установка антивируса на рабочую станцию 7,6,ИТ / ПО
требуется миграция почтовых ящиков отдела 25,6,ИТ / ПО
не работает корпоративный чат поддержки клиентов 20,6,ИТ / ПО
требуется создать новую учетную запись сотруднику 5,6,ИТ / ПО
не доступна база знаний на корпоративном портале,6,ИТ / ПО
сбой алертов системы мониторинга сети 16,6,ИТ / ПО
не синхронизируется расписание в корпоративном календаре 6,6,ИТ / ПО
не синхронизируются данные планшета с сервером 9,6,ИТ / ПО
не работает защищенный канал связи с объектом 20,6,ИТ / ПО
потерян пароль к корпоративному сервису 8,6,ИТ / ПО
требуется установить сертификат безопасности на сервер 204,6,ИТ / ПО
ошибка авторизации системе управления производством 3,6,ИТ / ПО
не работает корпоративная wi fi сеть этаже 20,6,ИТ / ПО
требуется настроить резервный канал интернета офиса 202,6,ИТ / ПО
сбой работе 204 сервера требует перезапуска,6,ИТ / ПО
ошибка обновления конфигурации 204 базы 25,6,ИТ / ПО
ошибка синхронизации справочников в системе 4,6,ИТ / ПО
требуется восстановление работы сервера после сбоя 2,6,ИТ / ПО
не работает 1с бухгалтерия на компьютере 102,6,ИТ / ПО
ошибка резервного копирования данных сервера 25,6,ИТ / ПО
не работает удаленный доступ к рабочему столу 203,6,ИТ / ПО
не работает веб сервис интеграции с системой 1,6,ИТ / ПО
требуется проверить целостность базы данных 3,6,ИТ / ПО
не загружаются модули конфигурации 201 на компьютере,6,ИТ / ПО
требуется добавить пользователя в группу безопасности 204,6,ИТ / ПО
ошибка при формировании электронного реестра 8,6,ИТ / ПО
сбой интеграции между crm и 6 системой,6,ИТ / ПО
сбой при обмене данными с банком системе 16,6,ИТ / ПО
не доступен удаленный рабочий стол сотрудника 22,6,ИТ / ПО
требуется развернуть тестовую среду для проекта 22,6,ИТ / ПО
требуется настройка корпоративной почты на телефоне 7,6,ИТ / ПО
не работает корпоративная система заявок helpdesk,6,ИТ / ПО
требуется архивация старых данных для освобождения места 204,6,ИТ / ПО
не работает корпоративное приложение на смартфоне 15,6,ИТ / ПО
требуется предоставить доступ к базе данных 205,6,ИТ / ПО
требуется установить драйвер оборудования на станцию 2,6,ИТ / ПО
требуется установить обновления безопасности на сервер 6,6,ИТ / ПО
сбой синхронизации данных между системами 15,6,ИТ / ПО
сбой в системе управления складом wms 1,6,ИТ / ПО
ошибка импорта данных из excel в систему 15,6,ИТ / ПО
требуется выдать новые ключи электронной подписи 9,6,ИТ / ПО
не работает корпоративный vpn у сотрудника 202,6,ИТ / ПО
требуется настройка удаленного рабочего стола 202,6,ИТ / ПО
сбой интеграции системы 20 с бухгалтерией,6,ИТ / ПО
не работает система контроля доступа на входе 10,6,ИТ / ПО
не загружается операционная система компьютера 16,6,ИТ / ПО
требуется установить новую версию autocad на 104,6,ИТ / ПО
не работает сервис электронной подписи у 105,6,ИТ / ПО
сбой системы планирования производства erp 202,6,ИТ / ПО
ошибка выгрузки данных в государственную систему 25,6,ИТ / ПО
требуется перенос данных при замене компьютера 103,6,ИТ / ПО
требуется восстановить удаленные данные с сервера 104,6,ИТ / ПО
сбой системы учета рабочего времени 22,6,ИТ / ПО
требуется восстановить доступ к архивным базам данных 5,6,ИТ / ПО
не работает принтерный сервер отдела 7,6,ИТ / ПО
ошибка подключения к файловому серверу 10,6,ИТ / ПО
требуется настроить групповые политики домена 7,6,ИТ / ПО
сбой выгрузки данных отчетности за период 2,6,ИТ / ПО
не отображается инвентаризация в системе учета 30,6,ИТ / ПО
требуется обновить программное обеспечение станции 105,6,ИТ / ПО
не открывается корпоративный портал 25,6,ИТ / ПО
требуется настройка двухфакторной аутентификации 2,6,ИТ / ПО
ошибка при формировании отчетов в системе 105,6,ИТ / ПО
ошибка репликации данных между серверами 11,6,ИТ / ПО
сбой работе системы видеонаблюдения объекта 2,6,ИТ / ПО
не синхронизируются данные кассы с бухгалтерской системой,6,ИТ / ПО
требуется настроить сервер печати для нового отдела 2,6,ИТ / ПО
не отображаются данные складе системе учета 30,6,ИТ / ПО
не доступен сервер баз данных 22 с утра,6,ИТ / ПО
требуется восстановить данные после сбоя жесткого диска 24,6,ИТ / ПО
протечка сож станке 204,7,Протечка / утечка
возникла утечка технической жидкости,7,Протечка / утечка
вытекает тосол из системы охлаждения агрегата 24,7,Протечка / утечка
мокрый пол в серверной комнате 6 источник неизвестен,7,Протечка / утечка
капает конденсат с компрессора 2 на пол скользко,7,Протечка / утечка
вытекает электролит из аккумуляторов погрузчика 24,7,Протечка / утечка
протечка фланцевого соединения трубопровода 3,7,Протечка / утечка
протечка торцевого уплотнения насоса гликоля 204,7,Протечка / утечка
течет батарея отопления в коридоре 6 этажа,7,Протечка / утечка
обнаружена течь под ванной мойкой кухни 3 этажа,7,Протечка / утечка
обнаружена утечка хладагента кондиционера 101,7,Протечка / утечка
протечка гидравлики манипулятора 3 требуется устранение,7,Протечка / утечка
вытекает дизельное топливо из бака генератора 103,7,Протечка / утечка
течет расширительный бачок системы отопления 204,7,Протечка / утечка
протечка гофры выхлопа компрессора 8,7,Протечка / утечка
обнаружена утечка воздуха из пневмоцилиндра 15,7,Протечка / утечка
вытекает масло через прокладку поддона двигателя 4,7,Протечка / утечка
течет кран в туалете 205 этажа,7,Протечка / утечка
протечка трубопровода сжатого воздуха цеха 30,7,Протечка / утечка
вытекает тормозная жидкость погрузчика 8,7,Протечка / утечка
капает со шланга подачи воды станку 30,7,Протечка / утечка
капает конденсат из системы вентиляции кабинета 101,7,Протечка / утечка
протечка прокладки люка резервуара 2,7,Протечка / утечка
обнаружена конденсатная лужа под кондиционером 101,7,Протечка / утечка
протечка гидравлической системы пресса 3,7,Протечка / утечка
вытекает смазка из подшипникового узла конвейера 16,7,Протечка / утечка
течет соединение быстрорасъемной муфты 103,7,Протечка / утечка
течет унитаз в туалете 30 этажа постоянно,7,Протечка / утечка
затопило подвал здания после дождя,7,Протечка / утечка
вытекает реагент из промывочной системы 30,7,Протечка / утечка
капает вода с оконного проема кабинет 24 при дожде,7,Протечка / утечка
течь в системе водоснабжения склада 11,7,Протечка / утечка
капает из трубы рядом с электрощитком 9 опасно,7,Протечка / утечка
обнаружено намокание пола под шкафом электрощита 7,7,Протечка / утечка
протечка корпуса фильтра тонкой очистки воды 103,7,Протечка / утечка
протечка трубы канализации в подсобном помещении 104,7,Протечка / утечка
обнаружена течь манометра на давлении 11 атм,7,Протечка / утечка
капает вода из системы пожаротушения спринклер 8,7,Протечка / утечка
протечка диафрагменного насоса дозирования 9,7,Протечка / утечка
протечка системы охлаждения чиллера 15,7,Протечка / утечка
вытекает масло из редуктора конвейера 5,7,Протечка / утечка
капает вода из водонагревателя 103 этажа,7,Протечка / утечка
протечка гайки накидной на шланге гидравлики 102,7,Протечка / утечка
протечка запорного крана на входе здания 10,7,Протечка / утечка
обнаружена утечка воды из посудомоечной машины кухни 20,7,Протечка / утечка
течет кран подпитки системы отопления 11,7,Протечка / утечка
протечка шарового крана водоснабжения санузла 201,7,Протечка / утечка
обнаружена лужа воды под компрессором 3,7,Протечка / утечка
течет сливная труба раковины на кухне 1 этажа,7,Протечка / утечка
мокрое пятно на потолке кабинета 20,7,Протечка / утечка
протечка стыка канализационных труб подвале 101,7,Протечка / утечка
обнаружена утечка воды из кулера 30 этажа,7,Протечка / утечка
подтекает насос системы отопления 4,7,Протечка / утечка
протечка системы дренажа кондиционера кабинете 3,7,Протечка / утечка
обнаружена утечка из форсунок системы пожаротушения 25,7,Протечка / утечка
протечка коллектора отопления в техническом этаже 7,7,Протечка / утечка
обнаружена утечка на соединении кислородного шланга 24,7,Протечка / утечка
капает вода с потолка переговорной 9,7,Протечка / утечка
течет крыша над производственным цехом 5,7,Протечка / утечка
протечка арматуры на трубопроводе 12 участка,7,Протечка / утечка
течет корпус обратного клапана трубопровода 205,7,Протечка / утечка
течет холодильник на кухне 3 этажа лужа,7,Протечка / утечка
обнаружена утечка фреона кондиционера зала 205,7,Протечка / утечка
вытекает трансформаторное масло из трансформатора 8,7,Протечка / утечка
течет поплавковый клапан бачка унитаза 12 этажа,7,Протечка / утечка
протечка радиатора отопления в цехе 10,7,Протечка / утечка
течет кровля над складским помещением 6,7,Протечка / утечка
протечка трубы водоснабжения в стене офиса 20,7,Протечка / утечка
протечка через уплотнение насоса 203,7,Протечка / утечка
протечка трубы отопления в кабинете 25,7,Протечка / утечка
обнаружена утечка через сальник задвижки 104,7,Протечка / утечка
течет соединение подводки к батарее отопления кабинет 10,7,Протечка / утечка
протечка в системе охлаждения компрессора,7,Протечка / утечка
капает масло из гидроцилиндра пресса,7,Протечка / утечка
течет трубопровод подачи воды к охладителю,7,Протечка / утечка
протечка в соединении гибкого шланга гидравлики,7,Протечка / утечка
обнаружена лужа под насосной станцией,7,Протечка / утечка
течет фитинг быстросъемного соединения трубопровода,7,Протечка / утечка
подтекает масло через уплотнение вала редуктора,7,Протечка / утечка
протечка в системе водяного охлаждения пресс-формы,7,Протечка / утечка
обнаружена капель с потолочного перекрытия цеха,7,Протечка / утечка
течет трубопровод горячей воды в подвале здания,7,Протечка / утечка
вытекает масло из опоры скольжения шпинделя,7,Протечка / утечка
обнаружена утечка в системе пожарного водопровода,7,Протечка / утечка
требуется замена масла чпу 101,8,Плановое обслуживание
замена фильтров вентиляционной системе 202,8,Плановое обслуживание
нужен плановый ремонт производственной линии,8,Плановое обслуживание
необходима калибровка измерительного инструмента 102,8,Плановое обслуживание
плановое обслуживание электроприводов конвейеров 24,8,Плановое обслуживание
требуется замена ремней привода насоса 1,8,Плановое обслуживание
требуется проведение ежегодной ревизии трубопроводов,8,Плановое обслуживание
требуется провести поверку весоизмерительного оборудования 103,8,Плановое обслуживание
замена электродвигателей насосов по регламенту 203,8,Плановое обслуживание
замена срабатываний датчиков пожаротушения 25,8,Плановое обслуживание
плановое обслуживание гидравлических прессов 10,8,Плановое обслуживание
требуется ежегодная инспекция сосудов под давлением 103,8,Плановое обслуживание
требуется замена защитных экранов станков по графику,8,Плановое обслуживание
обслуживание центробежных насосов по графику 4,8,Плановое обслуживание
плановая ревизия предохранительных клапанов 205,8,Плановое обслуживание
требуется провести техническое освидетельствование котла 5,8,Плановое обслуживание
плановое обслуживание системы 9 охлаждения,8,Плановое обслуживание
плановое обслуживание системы дымоудаления здания,8,Плановое обслуживание
требуется провести диагностику состояния кабелей 4,8,Плановое обслуживание
замена воздушных фильтров компрессоров по регламенту 205,8,Плановое обслуживание
замена ламп аварийного освещения по регламенту 4,8,Плановое обслуживание
плановая ревизия технологических трубопроводов 105,8,Плановое обслуживание
замена расходомеров по графику метрологической службы 25,8,Плановое обслуживание
требуется провести виброконтроль подшипников 5,8,Плановое обслуживание
замена масла в редукторах линии 9 по регламенту,8,Плановое обслуживание
плановая ревизия запорной арматуры котельной 10,8,Плановое обслуживание
плановая промывка системы водоснабжения здания 101,8,Плановое обслуживание
требуется провести ежегодный осмотр лестниц и площадок,8,Плановое обслуживание
требуется провести ежегодный осмотр грузоподъемных кранов,8,Плановое обслуживание
замена счетчиков расхода воды по регламенту 7,8,Плановое обслуживание
замена уплотнений насосов по регламенту 104,8,Плановое обслуживание
плановое обслуживание регуляторов давления системы 11,8,Плановое обслуживание
замена аккумуляторов погрузчиков по регламенту 7,8,Плановое обслуживание
плановая замена прокладок арматуры трубопровода 103,8,Плановое обслуживание
плановое техническое обслуживание подъемников цеха 102,8,Плановое обслуживание
плановая проверка состояния заземления оборудования 204,8,Плановое обслуживание
плановое обслуживание вентиляционных установок 9,8,Плановое обслуживание
замена прокладок фланцевых соединений по регламенту 24,8,Плановое обслуживание
плановая очистка теплообменника системы охлаждения 22,8,Плановое обслуживание
плановое обслуживание системы смазки конвейера 9,8,Плановое обслуживание
плановое обслуживание пневматических цилиндров линии 205,8,Плановое обслуживание
требуется провести регламентную очистку баков 204,8,Плановое обслуживание
плановое техническое обслуживание компрессора 2 по регламенту,8,Плановое обслуживание
плановая диагностика состояния изоляции кабелей 3,8,Плановое обслуживание
требуется провести ежеквартальное обслуживание чиллеров 102,8,Плановое обслуживание
требуется провести регламентную смазку цепных передач 16,8,Плановое обслуживание
требуется плановая регулировка клапанов двигателя 203,8,Плановое обслуживание
плановая диагностика сварочного оборудования 9,8,Плановое обслуживание
обслуживание станции управления конвейером 2,8,Плановое обслуживание
замена технологических жидкостей в системе 1 по графику,8,Плановое обслуживание
плановая проверка и замена анодов водонагревателей 11,8,Плановое обслуживание
плановое обслуживание насосов пожаротушения 201,8,Плановое обслуживание
требуется плановая регулировка тормозов конвейеров 5,8,Плановое обслуживание
замена фильтра тонкой очистки масла агрегата 102,8,Плановое обслуживание
требуется калибровка измерительных приборов,8,Плановое обслуживание
плановое обслуживание системы кондиционирования 9,8,Плановое обслуживание
плановое обслуживание электрощитов по регламенту 6,8,Плановое обслуживание
требуется провести регламентное обслуживание котла 105,8,Плановое обслуживание
замена технологических насадок по регламенту 20,8,Плановое обслуживание
плановое обслуживание системы аварийной сигнализации 25,8,Плановое обслуживание
плановая смазка подшипников конвейеров участка 104,8,Плановое обслуживание
плановая проверка редукторов конвейерных линий 16,8,Плановое обслуживание
плановая проверка точности измерительных приборов 25,8,Плановое обслуживание
требуется провести осмотр грузовых стеллажей 1,8,Плановое обслуживание
обслуживание установки подготовки сжатого воздуха 4,8,Плановое обслуживание
плановая замена электрощеток двигателей участка 3,8,Плановое обслуживание
плановая инспекция состояния кровли здания,8,Плановое обслуживание
плановое обслуживание токарных станков по регламенту,8,Плановое обслуживание
требуется плановая замена смазки в направляющих,8,Плановое обслуживание
замена технических жидкостей в прессовом оборудовании,8,Плановое обслуживание
требуется плановая проверка состояния тросов кранов,8,Плановое обслуживание
плановая проверка щеточного аппарата двигателей,8,Плановое обслуживание
требуется плановое обслуживание системы пожаротушения,8,Плановое обслуживание
плановое обслуживание автоматических ворот цеха,8,Плановое обслуживание
требуется сезонная проверка тепловых завес,8,Плановое обслуживание
замена охлаждающей жидкости в системе станка по регламенту,8,Плановое обслуживание
плановая проверка системы аварийного освещения,8,Плановое обслуживание
требуется плановое обслуживание гидравлических домкратов,8,Плановое обслуживание
замена аккумуляторной батареи аварийного освещения по регламенту,8,Плановое обслуживание
плановая замена патронов фильтров системы водоподготовки,8,Плановое обслуживание
требуется плановое техническое обслуживание лифтов здания,8,Плановое обслуживание
плановое обслуживание электроинструмента по регламенту,8,Плановое обслуживание
требуется плановая ревизия огнетушителей по срокам,8,Плановое обслуживание
плановое обслуживание системы видеонаблюдения объекта,8,Плановое обслуживание
организовать обучение операторов работе новым,9,Обучение персонала
обучение нового сотрудника участке 205,9,Обучение персонала
восстановление чертежей детали 104,9,Обучение персонала
организовать курс по автоматизации отчетности для финотдела,9,Обучение персонала
требуется обучение специалистов по закупкам работе новой системой,9,Обучение персонала
провести обучение по методам бережливого производства 205,9,Обучение персонала
требуется переобучение слесарей для работы на новом оборудовании,9,Обучение персонала
требуется обучение токарей работе с чпу станками 5,9,Обучение персонала
провести обучение водителей погрузчиков участка 25,9,Обучение персонала
провести обучение сотрудников работе 2 новым модулем,9,Обучение персонала
организовать обучение по цифровой трансформации для руководителей,9,Обучение персонала
организовать корпоративное обучение по этике и комплаенсу,9,Обучение персонала
организовать обучение по iso 203 для специалистов по качеству,9,Обучение персонала
требуется обучение операторов линии работе новым программным обеспечением 12,9,Обучение персонала
организовать вебинар по изменениям в законодательстве 30,9,Обучение персонала
провести обучение сотрудников 25 работе кассовыми аппаратами,9,Обучение персонала
провести обучение менеджеров навыкам продаж,9,Обучение персонала
организовать дистанционное обучение для филиала 5,9,Обучение персонала
провести обучение операторов производства по методикам контроля 16,9,Обучение персонала
провести обучение по охране окружающей среды для цеха 5,9,Обучение персонала
организовать аттестацию аппаратчиков по 2 разряду,9,Обучение персонала
требуется обучение сотрудников службы охраны труда 10,9,Обучение персонала
организовать обучение работников безопасным методам труда,9,Обучение персонала
требуется обучение грузчиков правилам безопасного подъема,9,Обучение персонала
организовать вводный инструктаж для стажеров 12,9,Обучение персонала
требуется обучение электриков работе новыми щитками 205,9,Обучение персонала
провести обучение секретарей работе с документами по новым правилам,9,Обучение персонала
требуется обучение технологов работе новым программным обеспечением,9,Обучение персонала
организовать семинар по управлению проектами для отдела,9,Обучение персонала
организовать курсы английского языка для инженеров,9,Обучение персонала
требуется обучение операторов погрузчиков участка 202,9,Обучение персонала
организовать обучение по пожарно техническому минимуму отдела 204,9,Обучение персонала
провести обучение персонала работе с crm системой,9,Обучение персонала
требуется обучение технологов документированию производственных процессов,9,Обучение персонала
провести обучение оценщиков работе по новому регламенту,9,Обучение персонала
провести обучение руководителей навыкам постановки задач,9,Обучение персонала
организовать курсы повышения квалификации бухгалтеров,9,Обучение персонала
провести обучение юридического отдела по изменениям законодательства,9,Обучение персонала
провести обучение по работе с измерительным инструментом 2,9,Обучение персонала
провести обучение по работе новой версией erp,9,Обучение персонала
требуется обучение нового оператора станка 205,9,Обучение персонала
требуется обучение персонала правилам первой помощи,9,Обучение персонала
требуется обучение наладчиков работе с новым станком 12,9,Обучение персонала
провести обучение складских работников правилам приемки,9,Обучение персонала
организовать семинар по новым стандартам качества 7,9,Обучение персонала
требуется обучение экономистов работе 103 системой,9,Обучение персонала
требуется обучение менеджеров склада работе новой wms системой,9,Обучение персонала
требуется обучение диспетчеров работе новым программным обеспечением,9,Обучение персонала
требуется обучение кладовщиков работе штрихкодированием,9,Обучение персонала
организовать тренинг для операторов линии по снижению брака,9,Обучение персонала
требуется обучение технических специалистов новому регламенту обслуживания,9,Обучение персонала
организовать обучение операторов чпу новому программному обеспечению,9,Обучение персонала
требуется обучение персонала правилам безопасного обращения с химикатами,9,Обучение персонала
требуется аттестация сварщиков по 8 разряду,9,Обучение персонала
провести обучение по работе с газоанализаторами 103,9,Обучение персонала
требуется обучение ремонтников работе с новым диагностическим оборудованием,9,Обучение персонала
организовать обучение по работе новым оборудованием 4,9,Обучение персонала
провести обучение операторов 12 методам статистического контроля,9,Обучение персонала
организовать семинар по снижению производственных потерь 201,9,Обучение персонала
провести обучение сотрудников базовым навыкам кибербезопасности,9,Обучение персонала
требуется обучение контролеров качества по новому гост 25,9,Обучение персонала
провести обучение операторов котлов по программе 205,9,Обучение персонала
организовать тренинг по противопожарной безопасности,9,Обучение персонала
организовать курс делового письма для менеджеров отдела,9,Обучение персонала
организовать обучение диспетчеров работе оперативному учету 204,9,Обучение персонала
организовать курс управления временем для руководителей,9,Обучение персонала
провести обучение сотрудников работе системой 16 документооборота,9,Обучение персонала
организовать вводный инструктаж для новых сотрудников,9,Обучение персонала
провести обучение по безопасным методам работы на высоте,9,Обучение персонала
требуется обучение контролеров ОТК методам измерений,9,Обучение персонала
провести обучение по правилам работы с химическими реагентами,9,Обучение персонала
организовать курс по охране труда для новых руководителей,9,Обучение персонала
провести обучение слесарей ремонтников работе с диагностическим оборудованием,9,Обучение персонала
требуется обучение операторов котельной по программе обслуживания,9,Обучение персонала
организовать внутренний аудит системы менеджмента качества,9,Обучение персонала
провести обучение по методам визуального контроля сварных швов,9,Обучение персонала
требуется обучение инженеров основам бережливого производства,9,Обучение персонала
провести обучение персонала правилам использования СИЗ,9,Обучение персонала
организовать семинар по улучшению показателей безопасности труда,9,Обучение персонала
провести обучение по стандартам ISO 9001 для отдела качества,9,Обучение персонала
требуется обучение электриков работе с новыми приводами,9,Обучение персонала
провести инструктаж по пожарной безопасности для нового персонала,9,Обучение персонала
организовать тренинг по коммуникации для мастеров участков,9,Обучение персонала
требуется обучение операторов станков методам самоконтроля,9,Обучение персонала
изменить производственное задание сегодня,10,Производственное планирование
пересмотреть план загрузки кузнечного участка 101,10,Производственное планирование
изменить план передачи деталей между участками 105,10,Производственное планирование
обновить план производственных совещаний на месяц,10,Производственное планирование
требуется скорректировать график выпуска продукции 5,10,Производственное планирование
требуется обновить план внутрицеховой кооперации 8,10,Производственное планирование
требуется обновить производственное задание цеха 204,10,Производственное планирование
скорректировать план выпуска из за нехватки сырья 6,10,Производственное планирование
изменить последовательность операций на линии 202,10,Производственное планирование
уточнить приоритеты заданий на смену 202,10,Производственное планирование
пересмотреть план производства с учетом сезонности 6,10,Производственное планирование
требуется скорректировать задание смене 205 после аварии,10,Производственное планирование
изменить план работы склада 16 в связи с поставкой,10,Производственное планирование
требуется скорректировать план ремонтов на квартал 1,10,Производственное планирование
обновить план производства с учетом новой заявки 6,10,Производственное планирование
обновить план потребности в материалах на 105,10,Производственное планирование
обновить план ппр оборудования на квартал,10,Производственное планирование
требуется обновить оперативно календарный план 11,10,Производственное планирование
требуется пересмотреть план расстановки оборудования 202,10,Производственное планирование
пересмотреть план подачи материалов на участок 16,10,Производственное планирование
скорректировать план подготовки производства изделия 202,10,Производственное планирование
скорректировать план выпуска деталей участка 103 на месяц,10,Производственное планирование
требуется скорректировать план входного контроля партии 204,10,Производственное планирование
требуется изменить срок исполнения заказа 105,10,Производственное планирование
скорректировать план обработки деталей кооперации с 202,10,Производственное планирование
требуется скорректировать план закупок материалов 8,10,Производственное планирование
перенести срок сдачи заказа 9 в связи с поломкой,10,Производственное планирование
требуется изменить задание оператору станка 6 на смену,10,Производственное планирование
обновить план производственных мощностей на год 202,10,Производственное планирование
обновить план комплектации заказа 104 для отгрузки,10,Производственное планирование
перераспределить задания между участками 4 и 15,10,Производственное планирование
пересмотреть план по снижению себестоимости продукции 204,10,Производственное планирование
обновить план загрузки технологического оборудования 2,10,Производственное планирование
обновить план технической подготовки производства 204,10,Производственное планирование
скорректировать план по выпуску 22 в связи с изменением спроса,10,Производственное планирование
перенести срок запуска изделия 8 по причине поставки,10,Производственное планирование
требуется актуализировать план технического обслуживания 7,10,Производственное планирование
пересмотреть планируемые простои оборудования 203,10,Производственное планирование
требуется скорректировать сменное задание цеха 20,10,Производственное планирование
пересмотреть норму расхода материала на изделие 12,10,Производственное планирование
перепланировать загрузку оборудования после ремонта 10,10,Производственное планирование
изменить норму времени на операцию 203 в системе,10,Производственное планирование
требуется обновить план контроля качества на участке 202,10,Производственное планирование
требуется скорректировать задание с учетом брака 204,10,Производственное планирование
требуется пересмотреть нормативы незавершенного производства 8,10,Производственное планирование
изменить план обеспечения рабочих мест заготовками 8,10,Производственное планирование
требуется учесть простой линии 1 при формировании плана,10,Производственное планирование
изменить план ремонта оснастки на участке 103,10,Производственное планирование
пересмотреть нормативы выработки на участке 7,10,Производственное планирование
требуется скорректировать план распределения фонда рабочего времени 15,10,Производственное планирование
требуется скорректировать план сдачи деталей на склад 11,10,Производственное планирование
требуется скорректировать план внедрения нового оборудования 9,10,Производственное планирование
скорректировать план производственной программы квартала 204,10,Производственное планирование
скорректировать суточный план производства участка 3,10,Производственное планирование
требуется пересмотреть план запуска деталей партии 201,10,Производственное планирование
изменить план контрольных испытаний готовой продукции 9,10,Производственное планирование
требуется скорректировать план работы транспортного цеха 12,10,Производственное планирование
скорректировать план использования транспорта цеха 102,10,Производственное планирование
изменить план диспетчеризации заказов на день 24,10,Производственное планирование
обновить план производства на основании нового заказа 15,10,Производственное планирование
требуется обновить план отгрузки готовой продукции 103,10,Производственное планирование
пересмотреть план изготовления инструмента инструментального цеха,10,Производственное планирование
изменить объем производственного задания на смену 203,10,Производственное планирование
перераспределить рабочих между участками 25 и 11,10,Производственное планирование
изменить план работ по технологической подготовке 1,10,Производственное планирование
перенести плановый ремонт 4 по причине загрузки,10,Производственное планирование
скорректировать месячный план производства учетом простоя оборудования,10,Производственное планирование
обновить план запуска номенклатуры на квартал 205,10,Производственное планирование
скорректировать план межцеховых передач деталей 9,10,Производственное планирование
изменить план контроля качества на смену 6,10,Производственное планирование
скорректировать план обеспечения заготовками линии 30,10,Производственное планирование
скорректировать план отгрузки на следующую неделю 9,10,Производственное планирование
обновить производственную программу с учетом простоя 2,10,Производственное планирование
требуется обновить сменно суточное задание участка 4,10,Производственное планирование
скорректировать план производства под новый заказ 101,10,Производственное планирование
обновить задание оператору после изменения спецификации 16,10,Производственное планирование
пересмотреть задание бригаде 12 на следующую смену,10,Производственное планирование
обновить план распределения ресурсов цеха 105,10,Производственное планирование
изменить план запуска партии деталей 202,10,Производственное планирование
требуется пересмотреть план загрузки участка 11,10,Производственное планирование
требуется учесть сверхурочные работы при планировании 16,10,Производственное планирование
изменить приоритет заказа 101 в производственном плане,10,Производственное планирование
пересмотреть план производства с учетом отсутствия материала 24,10,Производственное планирование
требуется скорректировать план с учетом поломки 4,10,Производственное планирование
срочно вызовите технического специалиста,11,Прочее / непонятно
произошла полная остановка конвейерной линии,11,Прочее / непонятно
поступило обращение от внешнего контрагента 15,11,Прочее / непонятно
обращение касается вопроса вне зоны ответственности,11,Прочее / непонятно
ситуация выходит за рамки стандартных процедур 205,11,Прочее / непонятно
нестандартная ситуация связанная с поставкой 30,11,Прочее / непонятно
обращение не относится ни к одному отделу перенаправить,11,Прочее / непонятно
нестандартный запрос требует дополнительного уточнения,11,Прочее / непонятно
требуется общая консультация по работе участка 7,11,Прочее / непонятно
требуется немедленная реакция на нетипичный инцидент 9,11,Прочее / непонятно
непонятная ошибка в системе не воспроизводится повторно 2,11,Прочее / непонятно
не ясно кто ответственен за выполнение заявки 104,11,Прочее / непонятно
поступила жалоба с непонятным запросом от сотрудника 16,11,Прочее / непонятно
поступил запрос на нетиповую процедуру согласования,11,Прочее / непонятно
не ясно к какому отделу относится вопрос 1,11,Прочее / непонятно
пришло обращение без контактных данных заявителя,11,Прочее / непонятно
поступил запрос вне рабочего регламента требует решения,11,Прочее / непонятно
поступил запрос на неустановленный вид работ,11,Прочее / непонятно
обращение не поддается классификации требует проверки,11,Прочее / непонятно
не ясны причины остановки линии 24 дополнительная проверка,11,Прочее / непонятно
возникла нетипичная ситуация в работе 202,11,Прочее / непонятно
получено обращение с неверно указанным объектом 25,11,Прочее / непонятно
непонятная неисправность 103 требует расследования,11,Прочее / непонятно
запрос содержит неполное описание проблемы 105,11,Прочее / непонятно
обращение содержит запрос на несуществующую услугу,11,Прочее / непонятно
срочно требуется помощь на объекте 105,11,Прочее / непонятно
поступило срочное обращение без конкретики от 105,11,Прочее / непонятно
поступило обращение с неясным содержанием от 103,11,Прочее / непонятно
поступила претензия от клиента непонятного характера,11,Прочее / непонятно
поступило обращение о нестандартном поведении системы 7,11,Прочее / непонятно
обращение содержит противоречивые технические данные 12,11,Прочее / непонятно
получена заявка неопределенного срочного характера,11,Прочее / непонятно
непонятная ситуация на участке 16 требуется разъяснение,11,Прочее / непонятно
требуется решение ситуации без аналогов в регламентах,11,Прочее / непонятно
поступил сигнал о нарушении без конкретных данных,11,Прочее / непонятно
требуется разъяснение по нетиповой ситуации с заказом 3,11,Прочее / непонятно
обращение требует согласования сразу нескольких отделов,11,Прочее / непонятно
поступило устное обращение без оформления заявки,11,Прочее / непонятно
обращение требует решения на уровне директора,11,Прочее / непонятно
непонятные показания датчика 103 требуют дополнительной проверки,11,Прочее / непонятно
требуется дополнительное исследование проблемы 11,11,Прочее / непонятно
нестандартная ситуация с документацией на изделие 101,11,Прочее / непонятно
обращение не имеет четкой категории требует проверки,11,Прочее / непонятно
нестандартная поломка не описана в регламентах 11,11,Прочее / непонятно
поступил запрос на работы вне компетенции отдела 103,11,Прочее / непонятно
непонятное техническое задание поступило на исполнение 204,11,Прочее / непонятно
неизвестная проблема мешает работе цеха 4,11,Прочее / непонятно
требуется эскалация нетипичного обращения 105,11,Прочее / непонятно
нестандартная неисправность требует консультации производителя 205,11,Прочее / непонятно
непонятная ситуация с учетом материалов на складе 10,11,Прочее / непонятно
запрос не содержит достаточно информации для обработки,11,Прочее / непонятно
поступил запрос на согласование нестандартных условий,11,Прочее / непонятно
нужна консультация специалиста по вопросу 24,11,Прочее / непонятно
нестандартный запрос от подрядчика требует уточнения,11,Прочее / непонятно
обращение связано с ситуацией не описанной в инструкциях,11,Прочее / непонятно
не определена ответственность за устранение проблемы 10,11,Прочее / непонятно
запрос не соответствует ни одному регламентному процессу,11,Прочее / непонятно
непонятная неисправность без воспроизведения на участке 103,11,Прочее / непонятно
нестандартная ситуация требует решения руководства,11,Прочее / непонятно
нестандартный сбой в процессе производства 16,11,Прочее / непонятно
нестандартный инцидент требует привлечения сторонних специалистов,11,Прочее / непонятно
требуется решение нестандартного вопроса 11,11,Прочее / непонятно
требуется специальное расследование инцидента 15,11,Прочее / непонятно
получено обращение с противоречивыми данными 104,11,Прочее / непонятно
непонятная ситуация с оборудованием не описана в паспорте 10,11,Прочее / непонятно
обращение дублирует ранее решенную заявку 25,11,Прочее / непонятно
нестандартная ситуация с доступом к зоне 5,11,Прочее / непонятно
требуется консультация юриста по нестандартному вопросу 7,11,Прочее / непонятно
требуется эскалация обращения на уровень руководства,11,Прочее / непонятно
поступила жалоба требующая специального расследования,11,Прочее / непонятно
поступила заявка неопределенного содержания от сотрудника,11,Прочее / непонятно
нетипичное обращение не поддается стандартной обработке,11,Прочее / непонятно
обращение не имеет аналогов в базе знаний,11,Прочее / непонятно
не удается идентифицировать источник проблемы 16,11,Прочее / непонятно
ситуация требует нестандартного подхода к решению,11,Прочее / непонятно
требуется решение прецедентной ситуации 103,11,Прочее / непонятно
непонятная ошибка системы не имеет описания 15,11,Прочее / непонятно
поступила заявка без указания места и оборудования,11,Прочее / непонятно
поступил сигнал о проблеме без описания деталей 103,11,Прочее / непонятно
обращение требует привлечения нескольких служб сразу,11,Прочее / непонятно
поступил запрос вне стандартных категорий обращений,11,Прочее / непонятно
нетипичная неисправность не описана в документации,11,Прочее / непонятно
получено обращение с неполной контактной информацией,11,Прочее / непонятно
нестандартный инцидент требует внешней экспертизы,11,Прочее / непонятно
зависает корпоративная почта outlook у сотрудника 105,12,Офисная техника
не подключается ноутбук 205 к корпоративной сети,12,Офисная техника
зависает 1с при формировании отчета,12,Офисная техника
колонки рабочей станции 6 не воспроизводят звук,12,Офисная техника
не работает сканер отпечатка пальца на входе 101,12,Офисная техника
монитор 30 рабочем месте 10 мигает полосы экране,12,Офисная техника
требуется замена картриджа принтера 15,12,Офисная техника
сломалась мышь 25 рабочем месте требуется замена,12,Офисная техника
не работает веб камера переговорной 203,12,Офисная техника
зарядное устройство ноутбука 1 перестало работать,12,Офисная техника
требуется настройка нового ноутбука сотрудника,12,Офисная техника
нужна замена блока питания системного блока 10,12,Офисная техника
зависает корпоративный мессенджер teams у отдела 10,12,Офисная техника
ip телефон 7 не выходит на внешнюю линию,12,Офисная техника
не воспроизводится звук на рабочей станции 16,12,Офисная техника
не работает numю порт на системном блоке 202,12,Офисная техника
завис компьютер бухгалтера не реагирует на клавиатуру,12,Офисная техника
принтер 30 выдает ошибку замятие бумаги не устраняется,12,Офисная техника
не отправляются факсы с аппарата 101 этаже 102,12,Офисная техника
сломался сканер отделе кадров 11,12,Офисная техника
экран монитора 20 не реагирует на прикосновения,12,Офисная техника
требуется апгрейд оперативной памяти на пк 20,12,Офисная техника
не работает кнопка питания на системном блоке 20,12,Офисная техника
не подключается bluetooth мышь к ноутбуку 103,12,Офисная техника
требуется добавить оперативную память компьютеру 7,12,Офисная техника
не включается монитор 24 при запуске компьютера,12,Офисная техника
требуется переустановка windows на компьютере 22,12,Офисная техника
требуется восстановить случайно удаленные файлы на пк 202,12,Офисная техника
не печатает сетевой принтер 205 в отделе 202,12,Офисная техника
зависает корпоративная программа 105 при старте,12,Офисная техника
зависает корпоративная почта на отправке вложения 6,12,Офисная техника
не работает кабель ethernet рабочего места 103,12,Офисная техника
не работает автоматическая блокировка экрана на пк 3,12,Офисная техника
не воспроизводит видео проектор в зале 10,12,Офисная техника
требуется настройка двух мониторов на рабочей станции 24,12,Офисная техника
зависает excel при работе с большим файлом 103,12,Офисная техника
не работает кабель питания монитора 102,12,Офисная техника
не открывается корпоративное приложение после обновления 101,12,Офисная техника
не сканирует документы мфу 11 в отделе 3,12,Офисная техника
зависает chrome при открытии корпоративного портала 203,12,Офисная техника
зависает 201 при попытке сохранить документ,12,Офисная техника
требуется замена термопасты процессора компьютера 8,12,Офисная техника
не обновляется антивирус на компьютере 103,12,Офисная техника
не определяется флешка в usb порту компьютера 10,12,Офисная техника
требуется установить офисный пакет на новый компьютер 8,12,Офисная техника
завис ноутбук 202 при обновлении windows,12,Офисная техника
не работает кнопка 7 на клавиатуре рабочей станции 5,12,Офисная техника
не работает камера на мониторе переговорной 1,12,Офисная техника
зависает система 2 при большой нагрузке,12,Офисная техника
не открывается корпоративный vpn клиент на ноутбуке 8,12,Офисная техника
требуется замена сетевой карты в компьютере 22,12,Офисная техника
требуется замена вентилятора в системном блоке 101 шумит,12,Офисная техника
не работает разъем для наушников на компьютере 204,12,Офисная техника
не работает numю порт usb на ноутбуке 201,12,Офисная техника
требуется замена жесткого диска на пк 3,12,Офисная техника
не работает тачпад на ноутбуке 20,12,Офисная техника
зависает корпоративное приложение 16 на этапе загрузки,12,Офисная техника
зависает корпоративный браузер на странице авторизации,12,Офисная техника
не подключается сетевой принтер к ноутбуку 205,12,Офисная техника
требуется замена батареи в беспроводной клавиатуре 102,12,Офисная техника
требуется перепрошивка принтера 30 после сбоя,12,Офисная техника
зависает adobe acrobat при открытии файла 7,12,Офисная техника
не отображается wifi сеть на ноутбуке 104,12,Офисная техника
не работает сканер штрихкодов на складе 104,12,Офисная техника
не работает микрофон гарнитуры на рабочей станции 15,12,Офисная техника
зависает 22 при формировании ведомости 15,12,Офисная техника
вышел строя проектор конференц зале 8,12,Офисная техника
не открывается корпоративный портал на компьютере 5,12,Офисная техника
клавиатура 102 залита кофе не работает,12,Офисная техника
не включается рабочая станция инженера 104,12,Офисная техника
принтер 1 печатает с полосами требуется чистка,12,Офисная техника
не печатает принтер 205 офисе 201,12,Офисная техника
не работает корпоративный телефон переговорной 204,12,Офисная техника
требуется замена аккумулятора ноутбука 201,12,Офисная техника
требуется замена кабеля hdmi для монитора 205,12,Офисная техника
завис принтер 4 в середине задания печати,12,Офисная техника
требуется замена аккумулятора в беспроводной мыши 201,12,Офисная техника
не читает дисковод на рабочей станции 16,12,Офисная техника
не подключается bluetooth гарнитура к компьютеру 8,12,Офисная техника
не отображается изображение на мониторе 6,12,Офисная техника
не работает сетевой кабель на рабочем месте 202,12,Офисная техника
не работает динамик встроенный в монитор 104,12,Офисная техника
требуется чистка системного блока 24 от пыли,12,Офисная техника
сломана подставка монитора 20 рабочем месте,12,Офисная техника
уборщица не вышла смену 2 этаж не убран,13,Уборка / клининг
требуется дератизация складского помещения 25,13,Уборка / клининг
лужа воды у кулера 8 этаже требуется уборка,13,Уборка / клининг
не убраны картонные коробки складе мешают проходу,13,Уборка / клининг
мусорный контейнер у входа 204 переполнен,13,Уборка / клининг
не убраны остатки еды кухне 4 этажа,13,Уборка / клининг
не работает освежитель воздуха туалете 20 этажа,13,Уборка / клининг
неприятный запах серверной комнате 5 требуется проверка,13,Уборка / клининг
грязные жалюзи кабинете 202 требуется чистка,13,Уборка / клининг
требуется чистка ковра зоне ресепшн после мероприятия,13,Уборка / клининг
не работает вентиляция туалете 20 этаже,13,Уборка / клининг
требуется мойка окон офисе 103 квартал,13,Уборка / клининг
требуется генеральная уборка архивного помещения 24,13,Уборка / клининг
засорилась раковина туалете 25 этаже,13,Уборка / клининг
плесень обнаружена стене санузла 101 этажа требуется обработка,13,Уборка / клининг
требуется внеплановая уборка склада 11,13,Уборка / клининг
закончилось мыло диспенсере туалета 201 этажа,13,Уборка / клининг
кухонная раковина 205 этажа засорена вода не уходит,13,Уборка / клининг
мусорные корзины 20 этаже переполнены не вывозятся,13,Уборка / клининг
разлита жидкость коридоре 101 этаже скользко опасно,13,Уборка / клининг
сломан мусоропровод этаже 203 мусор не вывозится,13,Уборка / клининг
грязный ковролин переговорной 105 требуется химчистка,13,Уборка / клининг
не убраны окурки у входа 205 на территории,13,Уборка / клининг
не убраны строительные материалы после ремонта кабинета 24,13,Уборка / клининг
не убраны остатки еды под столами в обеденной зоне,13,Уборка / клининг
грязные зеркала в туалетах всех этажей требуют протирки,13,Уборка / клининг
не убраны следы от маркера на доске переговорной 16,13,Уборка / клининг
нужна чистка вентиляционных решеток кабинета 203,13,Уборка / клининг
не убраны опавшие листья на дорожках территории,13,Уборка / клининг
требуется очистка урн у входа в здание 25,13,Уборка / клининг
не убраны пустые коробки у принтера на этаже 20,13,Уборка / клининг
нужна чистка кондиционеров от пыли и налета 205,13,Уборка / клининг
требуется уборка технического помещения 6 раз квартал,13,Уборка / клининг
требуется дезинфекция поручней в лифте,13,Уборка / клининг
требуется уборка пыли на стеллажах архива 105,13,Уборка / клининг
требуется чистка кулера с водой от накипи этаж 204,13,Уборка / клининг
грязное стекло входных дверей офиса требует протирки,13,Уборка / клининг
требуется мытье полов в архиве 22 после перестановки,13,Уборка / клининг
требуется уборка серверной комнаты 20 от пыли,13,Уборка / клининг
грязные стены коридора 9 этажа требуют мытья,13,Уборка / клининг
не выброшен просроченный продукт из холодильника кухни 201,13,Уборка / клининг
грязные плитки пола туалета 8 этажа требуют мытья,13,Уборка / клининг
загрязнен кулер 203 требуется промывка и дезинфекция,13,Уборка / клининг
не убраны листовки и бумаги на ресепшн после мероприятия,13,Уборка / клининг
загрязнены перила лестницы с 102 по 9 этаж,13,Уборка / клининг
требуется чистка ковровых дорожек на лестнице 201,13,Уборка / клининг
требуется уборка обеденной зоны после корпоратива,13,Уборка / клининг
нужна уборка склада 201 после инвентаризации,13,Уборка / клининг
грязный ковер в холле первого этажа требует чистки,13,Уборка / клининг
грязный пол в лифте требует мытья,13,Уборка / клининг
засорился сифон в раковине кухни 24 этажа,13,Уборка / клининг
не работает освежитель воздуха в кабинете 22,13,Уборка / клининг
нужна уборка после небольшого потопа в туалете 102,13,Уборка / клининг
нужна уборка кровли от снега наледи вход 8,13,Уборка / клининг
загрязнены светильники в холле требуется протирка,13,Уборка / клининг
запах табака в туалете 9 этажа проветрить,13,Уборка / клининг
нужна дезинфекция дверных ручек во всех кабинетах,13,Уборка / клининг
не пополнен запас мусорных пакетов для корзин этажа 20,13,Уборка / клининг
грязные батареи отопления в кабинете 3 пыль,13,Уборка / клининг
загрязнены жалюзи в переговорной 104 требуется чистка,13,Уборка / клининг
не убраны листья у входа в здание,13,Уборка / клининг
нужна обработка от насекомых на кухне 10 этажа,13,Уборка / клининг
требуется уборка парковки перед офисом,13,Уборка / клининг
грязная кладовка 8 требует генеральной уборки,13,Уборка / клининг
не убраны тарелки и кружки в переговорной 9,13,Уборка / клининг
не убрана вода возле кулера на этаже 11,13,Уборка / клининг
закончилась туалетная бумага санузле 11 этажа,13,Уборка / клининг
загрязнен кофемат 205 требуется чистка обслуживание,13,Уборка / клининг
требуется дезинфекция рабочих поверхностей офисе,13,Уборка / клининг
не работает посудомоечная машина кухне 25 этажа,13,Уборка / клининг
не убрана переговорная 3 после мероприятия,13,Уборка / клининг
пролита краска коридоре 5 этаже требуется срочная уборка,13,Уборка / клининг
сломан диспенсер бумажных полотенец туалете 5 этажа,13,Уборка / клининг
пятна на потолке офиса 8 после протечки требуется уборка,13,Уборка / клининг
забыли вынести мусор из кабинета 15,13,Уборка / клининг
требуется генеральная уборка после ремонта кабинета 104,13,Уборка / клининг
не убрана зона отдыха сотрудников после обеда,13,Уборка / клининг
требуется чистка кофемашины на кухне 5 этажа,13,Уборка / клининг
не убрана территория перед входом 104,13,Уборка / клининг
нужна влажная уборка коридора 7 этажа,13,Уборка / клининг
грязные окна в кабинете 3 мешают работе,13,Уборка / клининг
требуется дополнительная уборка туалета 16 этажа,13,Уборка / клининг
грязный холодильник кухни 16 этажа нужна уборка,13,Уборка / клининг
следы грязи на полу лестницы с 11 по 25 этаж,13,Уборка / клининг
выявлен брак сварных швов на партии трубопроводов,2,Брак / качество
несоответствие размеров отверстий на корпусных деталях,2,Брак / качество
выпущена бракованная партия прокладок из склада,2,Брак / качество
несоответствие чистоты поверхности детали требованиям чертежа,2,Брак / качество
выявлен перекос плоскости стыковки сборочного узла,2,Брак / качество
не выдержан допуск на шероховатость обработанных поверхностей,2,Брак / качество
выявлена некондиционная партия болтов после входного контроля,2,Брак / качество
обнаружен брак при сборке — несоответствие зазоров по чертежу,2,Брак / качество
закончились сверла для обработки отверстий в деталях,3,Снабжение / расходники
требуется пополнить запас электродов для ручной дуговой сварки,3,Снабжение / расходники
необходимо заказать расходные материалы для лазерной резки,3,Снабжение / расходники
закончилась охлаждающая жидкость для станков с ЧПУ,3,Снабжение / расходники
нужно закупить защитные очки и перчатки для сварочного участка,3,Снабжение / расходники
требуется пополнить запас шлифовальных кругов на участке,3,Снабжение / расходники
закончились заготовки из листового металла для штамповки,3,Снабжение / расходники
необходимо заказать крепёжные изделия для сборочного цеха,3,Снабжение / расходники
на рабочем месте отсутствуют средства индивидуальной защиты,4,Охрана труда
не проведён плановый инструктаж по охране труда,4,Охрана труда
нарушены нормы хранения опасных химических веществ на участке,4,Охрана труда
обнаружено отсутствие ограждения движущихся частей оборудования,4,Охрана труда
работник получил травму из-за неисправного инструмента,4,Охрана труда
выявлено отсутствие вентиляции на рабочем месте сварщика,4,Охрана труда
не обновлены таблички по требованиям пожарной безопасности,4,Охрана труда
превышение уровня шума на рабочих местах выше допустимых норм,4,Охрана труда
